{
    "epsilon": 0.05,
    "learning_rate": 0.01,
    "value_function": {
        "win": 1,
        "lose": -1,
        "2": 0.933670065616601,
        "5": -0.9345042732870418,
        "9": -0.8706619133297148,
        "12": 0.7922048283904112,
        "1": -0.9999999999999944,
        "8": 0.8874364072447694,
        "4": 0.8839393182997886,
        "6": 0.8505274579804069,
        "11": 0.8367916597510515,
        "7": 0.8966676499935825,
        "3": 0.8891790518072895,
        "10": 0.8130857574036812
    }
}