{
    "epsilon": 0.06925047774904183,
    "learning_rate": 0.05,
    "value_function": {
        "win": 1,
        "lose": -1,
        "4": 0.998229650297693,
        "6": 0.8651829277594788,
        "9": 0.7686513746506213,
        "2": 0.9506740678679781,
        "7": 0.8747745611557552,
        "10": 0.8955952629361494,
        "12": 0.8853602424924539,
        "3": 0.8479370674115805,
        "8": 0.9006202372251839,
        "5": 0.2965912202863284,
        "11": 0.8983336128514442,
        "1": -0.9999999999999989
    }
}