{
    "epsilon": 0.05,
    "learning_rate": 0.01,
    "value_function": {
        "win": 1,
        "lose": -1,
        "2": 0.9647235507545838,
        "6": 0.8959693789104055,
        "10": 0.8358598507802985,
        "12": 0.8432822540276974,
        "1": -0.9999999999999944,
        "8": 0.8941279171573054,
        "5": -0.8997214270359014,
        "9": -0.8139345704574363,
        "4": 0.9498970604869891,
        "11": 0.8350426672494106,
        "7": 0.8823393745472203,
        "3": 0.9397355197227241
    }
}