{
    "epsilon": 0.05,
    "learning_rate": 0.01,
    "value_function": {
        "win": 1,
        "lose": -1,
        "2": -0.9837881415913324,
        "7": 0.9215133160004855,
        "10": -0.8916007955802049,
        "1": 0.9999999999999944,
        "5": 0.0815647406882881,
        "9": 0.8673417997394471,
        "12": -0.8392047156523675,
        "4": -0.12423922667975347,
        "6": 0.8701934017590978,
        "3": -0.9552500741901547,
        "8": 0.8990646814502562,
        "11": -0.79936171123337
    }
}