{
    "epsilon": 0.06925047774904183,
    "learning_rate": 0.05,
    "value_function": {
        "win": 1,
        "lose": -1,
        "1": -0.9999999999999989,
        "4": 0.8730120954218238,
        "7": 0.8812961723065649,
        "10": 0.892834324461104,
        "9": 0.7760589216298556,
        "5": 0.3148936041083698,
        "12": 0.8830839083567774,
        "2": 0.8901878835799198,
        "6": 0.8529795800911516,
        "8": 0.8801243423424833,
        "3": 0.8558763653218037,
        "11": 0.8799069444313659
    }
}