{
    "epsilon": 0.05,
    "learning_rate": 0.01,
    "value_function": {
        "win": 1,
        "lose": -1,
        "5": -0.9498011515873558,
        "10": 0.8061698580954261,
        "2": 0.9516358488256708,
        "6": 0.8266980059600378,
        "9": -0.8921211349492202,
        "4": 0.9166188823370565,
        "7": 0.853779137443852,
        "12": 0.8014719175790607,
        "11": 0.827116301032328,
        "1": -0.9999999999999944,
        "8": 0.8893519751367028,
        "3": 0.928072062953451
    }
}