{
    "epsilon": 0.05,
    "learning_rate": 0.001,
    "value_function": {
        "win": 1,
        "lose": -1,
        "1": -0.9999999999999445,
        "6": 0.8780193333451988,
        "12": 0.8492405573548398,
        "4": 0.9365054683805809,
        "9": -0.8205345521695305,
        "5": -0.9197558995893306,
        "7": 0.8896598473148024,
        "10": 0.8480147149092657,
        "3": 0.9302968486971526,
        "8": 0.8811483062029375,
        "11": 0.8531324448292114,
        "2": 0.9571470152993694
    }
}