{
    "epsilon": 0.05,
    "learning_rate": 0.001,
    "value_function": {
        "win": 1,
        "lose": -1,
        "4": 0.9372701131553359,
        "7": 0.8816551888315655,
        "12": 0.8174487927134876,
        "2": 0.9509560226106278,
        "6": 0.8738898765620056,
        "8": 0.8688785927397226,
        "1": -0.9999999999999445,
        "5": -0.9359469833838021,
        "10": 0.3989153181482623,
        "3": 0.9230765462051259,
        "9": -0.875646902609292,
        "11": 0.3961727462899075
    }
}