{
    "epsilon": 0.06925047774904183,
    "learning_rate": 0.01,
    "value_function": {
        "win": 1,
        "lose": -1,
        "2": 0.9329696522735245,
        "5": -0.9399272070307785,
        "9": -0.8734481255718702,
        "12": 0.7881105055794104,
        "1": -0.9999999999999944,
        "6": 0.8706898853737407,
        "11": 0.6665568327761907,
        "10": 0.6713529104953965,
        "7": 0.792790843657997,
        "3": 0.966222256492693,
        "8": 0.8233635023584482,
        "4": 0.9013738980991018
    }
}