{
    "epsilon": 0.05,
    "learning_rate": 0.001,
    "value_function": {
        "win": 1,
        "lose": -1,
        "1": 0.9999999999999445,
        "7": 0.9091384521818097,
        "11": -0.8124862195659177,
        "6": 0.8881611434257823,
        "8": 0.8853092936566637,
        "12": -0.569722058916142,
        "3": -0.9703678666437894,
        "9": 0.06603408813757733,
        "5": 0.792482882122298,
        "10": -0.8779013237924331,
        "2": -0.9586528515959255,
        "4": 0.6280453911919002
    }
}