{
    "epsilon": 0.06925047774904183,
    "learning_rate": 0.05,
    "value_function": {
        "win": 1,
        "lose": -1,
        "1": 0.9999999999999989,
        "6": -0.28263054231451973,
        "9": 0.6065886205285544,
        "12": -0.4619193674356514,
        "3": -0.9938145208041562,
        "5": -0.4036373488702227,
        "4": -0.39664917029133506,
        "7": 0.563971380874276,
        "8": 0.762353512745036,
        "11": -0.6823824470781602,
        "2": -0.9157122217379967,
        "10": 0.2952583380641347
    }
}