{
    "epsilon": 0.05,
    "learning_rate": 0.001,
    "value_function": {
        "win": 1,
        "lose": -1,
        "1": -0.9999999999999445,
        "6": 0.8637636422234193,
        "10": 0.40562747485187844,
        "12": 0.7972092042391601,
        "3": 0.9024882677242704,
        "7": 0.8462889619679622,
        "2": 0.9291736201819562,
        "11": 0.4101420757224493,
        "4": 0.9392323466332113,
        "9": -0.8678486769458637,
        "5": -0.9332671721000131,
        "8": 0.7903611899725321
    }
}