{
    "epsilon": 0.05,
    "learning_rate": 0.001,
    "value_function": {
        "win": 1,
        "lose": -1,
        "3": 0.9366953693838113,
        "9": -0.900232842050282,
        "11": 0.4089058319271697,
        "12": 0.7886201615937862,
        "5": -0.9558506748560359,
        "10": 0.41828833925295167,
        "2": 0.9051911333390801,
        "8": 0.799002690968898,
        "7": 0.8592255850836109,
        "4": 0.9262319102335146,
        "6": 0.8590911476956592,
        "1": -0.9999999999999445
    }
}