{
    "epsilon": 0.05,
    "learning_rate": 0.05,
    "value_function": {
        "win": 1,
        "lose": -1,
        "2": 0.9369556507563521,
        "5": 0.02856500202101514,
        "9": 0.7038098806933878,
        "12": 0.9300812705466113,
        "4": 0.9927722073050524,
        "7": 0.938575585814472,
        "11": 0.9239183068268424,
        "1": -0.9999999999999989,
        "6": 0.9599150892529051,
        "10": 0.9145679811391805,
        "8": 0.9422263497504046,
        "3": 0.9938802948228191
    }
}