{
    "epsilon": 0.05,
    "learning_rate": 0.01,
    "value_function": {
        "win": 1,
        "lose": -1,
        "3": 0.942006396775531,
        "5": -0.9316158109602952,
        "10": 0.7664065492177311,
        "4": 0.9089105630349971,
        "7": 0.8558258773313674,
        "9": -0.8740546538032298,
        "2": 0.9128336956754208,
        "8": 0.8946189944364602,
        "12": 0.8300846912070561,
        "6": 0.8135267066420522,
        "1": -0.9999999999999944,
        "11": 0.8403454967030031
    }
}