{
    "epsilon": 0.06925047774904183,
    "learning_rate": 0.05,
    "value_function": {
        "win": 1,
        "lose": -1,
        "1": -0.9999999999999989,
        "6": 0.959089244058373,
        "10": 0.8830859974777967,
        "4": 0.9712739443587927,
        "9": 0.794300214038715,
        "5": 0.3275759074871673,
        "2": 0.9980942774533388,
        "11": 0.9080775601430247,
        "8": 0.9665986532239932,
        "12": 0.9322927752481072,
        "7": 0.9264199320239933,
        "3": 0.8970695483983658
    }
}