{
    "epsilon": 0.05,
    "learning_rate": 0.001,
    "value_function": {
        "win": 1,
        "lose": -1,
        "3": 0.9363507447656372,
        "7": 0.8568691020482531,
        "12": 0.779083254667067,
        "1": -0.9999999999999445,
        "4": 0.9149092098405631,
        "10": 0.38428248588733677,
        "5": -0.9452077750779699,
        "9": -0.8943971484806641,
        "6": 0.8324409533203948,
        "2": 0.881974558279255,
        "11": 0.39130231030911006,
        "8": 0.849647077780953
    }
}